x,Q2,fu,fd,fs,fubar,fdbar,fsbar
0.05,1.8,0.46796766333079665,0.35485203190415254,0.08664550814150747,0.1548008386809271,0.19870854235900215,0.07948392442131913
0.05252525252525253,1.8,0.4739012879984154,0.3568965290280188,0.08457015692498304,0.15130625723567853,0.19616168124070776,0.0767699041936979
0.05505050505050505,1.8,0.4796466887404007,0.35879248903706656,0.08261395424656105,0.14793367600132226,0.19363637096212083,0.07418233201257587
0.05757575757575758,1.8,0.48521503382911424,0.36054891560811114,0.08076775769988889,0.14467877580566502,0.1911317800401955,0.07171438404587878
0.060101010101010106,1.8,0.4906205471514095,0.36217759779492986,0.0790218625793599,0.14153126675651775,0.1886462751165834,0.06935567772634445
0.06262626262626263,1.8,0.4958664639054157,0.36368272069115504,0.07736876333365021,0.13848803791640457,0.18617903021602691,0.06710158265993275
0.06515151515151515,1.8,0.5009666201640135,0.36507493119702245,0.07580103294151765,0.13554011652531728,0.1837285828683428,0.06494323762673995
0.06767676767676768,1.8,0.5059249020904721,0.3663582126160453,0.07431175654308945,0.13268435452566174,0.18129437063270792,0.0628765378791829
0.07020202020202021,1.8,0.5107529463856104,0.3675412513171429,0.07289535213544324,0.12991377179376828,0.17887510581467647,0.06089453771670021
0.07272727272727272,1.8,0.5154528131268874,0.3686268687187726,0.07154591831982307,0.1272246575605727,0.17647029625326832,0.05899322791874819
0.07525252525252527,1.8,0.5200303674339264,0.36961990669769185,0.07025871054753914,0.12461260716570395,0.17407906160999945,0.057168040203917345
0.07777777777777778,1.8,0.5244921787116053,0.3705255637647506,0.0690292972365998,0.12207282688140982,0.17170072831857436,0.05541428479769909
0.0803030303030303,1.8,0.5288388195271121,0.3713454584185762,0.06785305470699328,0.11960282600433948,0.16933535070196132,0.05372929797909359
0.08282828282828283,1.8,0.5330793099327243,0.3720858309708781,0.06672700756591049,0.11719775407505696,0.16698174165857496,0.05210840056702089
0.08535353535353536,1.8,0.5372119854041583,0.37274684617695464,0.06564647294795059,0.11485524552938056,0.16464023527802585,0.050549099239011894
0.08787878787878789,1.8,0.5412439971697095,0.3733334375835567,0.06460899481465576,0.11257180837408838,0.1623099710989931,0.04904793391889711
0.0904040404040404,1.8,0.5451762578702648,0.3738470704701733,0.06361114212609374,0.11034429939915655,0.15999067705689868,0.047601930894838225
0.09292929292929294,1.8,0.5490073258740249,0.37428782251090553,0.06264928801415381,0.10817022559292971,0.15768234870965603,0.04620869664448619
0.09545454545454546,1.8,0.5527449422633792,0.3746606697137302,0.061721999681748727,0.10604648899799182,0.15538395961960277,0.044865228892706444
0.09797979797979799,1.8,0.5563853002257035,0.3749645808001373,0.06082571051127006,0.10397122987778444,0.1530965419494775,0.04356973648761664
0.10050505050505051,1.8,0.5599338548545532,0.3752031013481816,0.05995896329619262,0.10194204821133353,0.15081929143064557,0.04231990696428511
0.10303030303030303,1.8,0.563391593372911,0.37537757273982697,0.059119571475205114,0.09995670318047073,0.14855224267658695,0.04111356758381336
0.10555555555555557,1.8,0.5667554344412076,0.3754872504152543,0.05830467639103014,0.09801341128063491,0.14629620070210664,0.03994897942009571
0.10808080808080808,1.8,0.5700327517407675,0.37553640773794084,0.05751373074471029,0.09611004576870016,0.14404987296945818,0.03882411299694103
0.11060606060606061,1.8,0.5732194897461049,0.37552395532460725,0.05674404533589303,0.09424496017175561,0.14181447773806813,0.03773731586396064
0.11313131313131314,1.8,0.5763172906806102,0.3754513209860568,0.055994127299439186,0.09241647858481938,0.1395898878539892,0.03668698245025713
0.11565656565656567,1.8,0.5793300457675125,0.37532101185857963,0.05526317771162747,0.09062295577878378,0.13737551361126282,0.03567151028852467
0.1181818181818182,1.8,0.5822520239461054,0.37513122070038873,0.05454873748970015,0.08886312574257901,0.1351730319875934,0.03468950486392887
0.12070707070707072,1.8,0.5850892654779732,0.37488514778120463,0.0538504834246797,0.08713552427217615,0.1329811978972408,0.03373963637060808
0.12323232323232323,1.8,0.5878402421776351,0.37458295197908803,0.05316693278476949,0.08543883310109461,0.1308007620313943,0.032820508590601094
0.12575757575757576,1.8,0.5905015669083589,0.37422394169095874,0.05249634455536594,0.08377186847049525,0.12863290319211756,0.03193083410214375
0.12828282828282828,1.8,0.5930799343083741,0.3738114287609449,0.05183873384047265,0.08213338595127605,0.12647611658703375,0.031069551389603895
0.13080808080808082,1.8,0.595570856026457,0.3733443561025827,0.05119236058179865,0.08052234722235375,0.124332023915533,0.030235324820946593
0.13333333333333336,1.8,0.5979744816860763,0.3728233314107587,0.05055621269399238,0.078937693097958,0.1222008839544941,0.029427040570219654
0.13585858585858587,1.8,0.6002952703933424,0.3722507016457696,0.04993016201790586,0.07737841570613292,0.12008173244066177,0.02864381389182568
0.1383838383838384,1.8,0.6025270291090785,0.37162500000010773,0.04931267657895675,0.07584379615579492,0.11797671205176696,0.02788449504686917
0.14090909090909093,1.8,0.6046730780854419,0.37094787846401567,0.0487034027430355,0.07433282473459364,0.1158849292063513,0.027148248376877137
0.14343434343434344,1.8,0.6067346941126898,0.3702205574708001,0.048101925895909704,0.07284482043658796,0.11380659216172578,0.026434260079768183
0.14595959595959596,1.8,0.6087073975754984,0.36944241200339445,0.04750721423734704,0.07137941544699758,0.1117438819338567,0.025741616411033858
0.1484848484848485,1.8,0.6105968538118144,0.36861576116680417,0.04691932293252726,0.06993573138658525,0.10969527491988919,0.025069782541163942
0.15101010101010104,1.8,0.6124008310933423,0.3677406088259838,0.04633747535344619,0.06851312973960043,0.10766170065861769,0.024417755087566745
0.15353535353535355,1.8,0.6141155551168521,0.3668164508011966,0.04576072646405457,0.06711105976893092,0.10564461150998646,0.023784504358011275
0.15606060606060607,1.8,0.6157470057456154,0.3658455046708559,0.04518916913223081,0.0657286561464484,0.10364223655238324,0.02316960264985795
0.1585858585858586,1.8,0.6172917222298706,0.3648276735513766,0.04462228090485581,0.06436577077909458,0.1016563469422205,0.022572299006402615
0.16111111111111112,1.8,0.618747803909753,0.3637631164383366,0.04405960170431102,0.06302210143197087,0.09968802373766264,0.021991920292202406
0.16363636363636364,1.8,0.6201204817150212,0.3626536643489911,0.04350114536031241,0.06169682034042707,0.09773560707032393,0.02142807138531692
0.16616161616161618,1.8,0.6214058295022438,0.36149928905271034,0.042946456521213976,0.060389943235793546,0.09580115500198595,0.02087996747928169
0.16868686868686872,1.8,0.6226037495534783,0.36030058861817776,0.04239523164654851,0.05910109365588491,0.09388507742234269,0.020347023269126276
0.1712121212121212,1.8,0.6237182071040994,0.3590589772331278,0.04184744847836768,0.05782959541861386,0.09198612558637659,0.01982889928070523
0.17373737373737375,1.8,0.6247450848461183,0.3577745564705246,0.04130286819914374,0.05657571966925306,0.09010654403173635,0.0193249409077851
0.1762626262626263,1.8,0.6256857607414404,0.3564481649852151,0.040761341217507296,0.055339059311459944,0.08824616268836839,0.018834748225914997
0.17878787878787883,1.8,0.6265427903488129,0.3550808624188859,0.04022278729923236,0.05411907726056229,0.08640421337831954,0.018357949430011386
0.18131313131313131,1.8,0.6273120263235719,0.3536728173171368,0.03968705467646034,0.05291609172391217,0.08458281850837895,0.01789387687422527
0.18383838383838386,1.8,0.6279956064848903,0.3522247413568355,0.03915397917405596,0.05172951201699344,0.08278117742878044,0.01744218838792036
0.1863636363636364,1.8,0.6285952831463449,0.3507377087414277,0.03862354976374763,0.05055907601719074,0.08099912956105364,0.01700256568757415
0.18888888888888888,1.8,0.6291083554712058,0.34921254597938844,0.038095828616029136,0.049405283496996896,0.07923876128788546,0.01657449539770257
0.19141414141414143,1.8,0.6295381066224102,0.34765012679871876,0.037570663456615326,0.04826747641148737,0.07749896099869195,0.016157738817218745
0.19393939393939397,1.8,0.6298847080343543,0.34605111225170093,0.037048058435400315,0.0471455319298877,0.07577987901661588,0.015751954691760196
0.19646464646464645,1.8,0.6301449979412944,0.3444160576269486,0.03652814734286699,0.04603995357368685,0.07408332070710034,0.015356672049426178
0.198989898989899,1.8,0.630322043422513,0.3427454655808708,0.03601070991310988,0.044949975820028805,0.07240791829881432,0.014971670275462482
0.20151515151515154,1.8,0.6304163658123763,0.3410404127691334,0.03549586785666012,0.04387568501733177,0.07075416256604573,0.014596686721471672
0.20404040404040408,1.8,0.6304262537534869,0.33930208075616036,0.03498390584577087,0.04281768823635169,0.06912378508829108,0.014231392143070955
0.20656565656565656,1.8,0.6303550091436733,0.3375309518404274,0.034474596044492586,0.04177521515279088,0.06751538685909035,0.013875630876269807
0.2090909090909091,1.8,0.6302023065404928,0.3357277745892409,0.03396804207657778,0.04074836940168487,0.065929457258903,0.013529090914188316
0.21161616161616165,1.8,0.6299662620105507,0.33389344295184986,0.033464492583434986,0.039737656489535,0.06436738549859015,0.013191410376648666
0.21414141414141413,1.8,0.62964988717597,0.33202817761139186,0.032963667924683325,0.03874227097575501,0.06282773503403635,0.012862442662894122
0.21666666666666667,1.8,0.6292532726164901,0.3301330833552437,0.0324657784438857,0.03776244982333083,0.06131113749711928,0.012541957016907574
0.21919191919191922,1.8,0.6287753779324706,0.32820942888980115,0.031971162541260784,0.0367987467892315,0.05981889489787208,0.012229682676467901
0.22171717171717176,1.8,0.6282189924260769,0.32625727102418567,0.03147950330381459,0.035850347323059764,0.05834959799397913,0.011925477397544744
0.22424242424242424,1.8,0.627584085361657,0.32427766454669826,0.030991044418066226,0.03491752450399957,0.05690384978433933,0.011629146257378207
0.22676767676767678,1.8,0.6268698192418304,0.32227188739043106,0.03050616427718245,0.03400083465458768,0.05548280457493531,0.011340478960840731
0.22929292929292933,1.8,0.6260786753850898,0.3202398740881313,0.030024547233531956,0.03309950277670663,0.054085143710402614,0.011059360320330548
0.2318181818181818,1.8,0.6252108970232718,0.31818269204765415,0.02954640116348237,0.0322137485180673,0.052711354475765373,0.010785576435917836
0.23434343434343435,1.8,0.6242660842315744,0.31610163376266287,0.029072057092435905,0.03134403966569725,0.05136238640958204,0.010518896953381414
0.2368686868686869,1.8,0.6232464052476234,0.3139964822988825,0.028601177798238127,0.03048962663893691,0.05003700058144625,0.010259208006207547
0.23939393939393944,1.8,0.6221522554750577,0.3118684002451954,0.028134028888914944,0.02965075431086849,0.04873564505816796,0.010006361917241482
0.24191919191919192,1.8,0.6209835223105962,0.30971883212954354,0.027671006746607094,0.02882790804521614,0.04745919625388095,0.009760195983068824
0.24444444444444446,1.8,0.6197421355198477,0.30754747937914007,0.02721177257212855,0.028020383683022117,0.04620652047771229,0.009520603746358974
0.246969696969697,1.8,0.6184285419826263,0.30535539818464846,0.026756552778426205,0.027228359906693957,0.04497792567725723,0.009287438415945294
0.2494949494949495,1.8,0.6170427132815794,0.3031439970374922,0.0263057301091469,0.026452272712371855,0.043774151919312866,0.009060545497455526
0.25202020202020203,1.8,0.6155862086461268,0.3009128918264039,0.025858982312478206,0.0256914829612404,0.04259418988469814,0.008839833112667929
0.2545454545454546,1.8,0.6140598843789434,0.29866314996624505,0.025416500791520878,0.024946100365285745,0.041438215240704304,0.008625162297967559
0.2570707070707071,1.8,0.6124642163857915,0.2963962858905519,0.024978651857083974,0.02421650498452011,0.040306841192490075,0.008416381187301984
0.2595959595959596,1.8,0.6108004794604098,0.2941118563284888,0.024545124630949072,0.023502124334679794,0.03919918113752136,0.008213404634432502
0.26212121212121214,1.8,0.6090695821846741,0.291810848417527,0.024116091843403218,0.022803006412783523,0.038115293697169275,0.008016114118631137
0.2646464646464647,1.8,0.6072721976089075,0.289494847889103,0.02369193508999802,0.022119489327664592,0.037055690747583,0.007824375449232455
0.26717171717171717,1.8,0.6054094469508013,0.28716344015165757,0.023272377698828447,0.02145108019231382,0.03601962423838374,0.007638112621851023
0.2696969696969697,1.8,0.6034821881055661,0.2848174201696576,0.022857528488266686,0.020797745335495745,0.03500701338718876,0.007457213501909826
0.27222222222222225,1.8,0.6014910876303419,0.2824583168771812,0.02244773850147438,0.020159756373088433,0.034018235492521344,0.007281546328082428
0.2747474747474748,1.8,0.5994369014906393,0.28008570136366967,0.022042757123815787,0.01953669752658898,0.033052668025971906,0.007111037143716967
0.2772727272727273,1.8,0.5973208284346447,0.27770030890033714,0.021642662801547117,0.018928472635332413,0.03211013430766595,0.006945592528852266
0.2797979797979798,1.8,0.595144133542325,0.27530381740790927,0.021247818826507035,0.018335300560383423,0.03119091174201344,0.006785097106849816
0.28232323232323236,1.8,0.5929075523793302,0.2728959229040549,0.020858039465571642,0.01775686608798097,0.03029452330652434,0.006629494628226459
0.28484848484848485,1.8,0.5906120106736091,0.27047708656836883,0.020473316471542876,0.01719298295547304,0.029420671993766943,0.00647868331729202
0.2873737373737374,1.8,0.5882587266542543,0.26804892838794553,0.02009395336702159,0.016643757635322946,0.028569474458444374,0.00633252142839125
0.28989898989898993,1.8,0.5858483206927985,0.2656112874932405,0.019719806810066423,0.01610893858210784,0.02774055739218284,0.006190943260125305
0.2924242424242424,1.8,0.5833816941306924,0.2631643961912925,0.01935082882559296,0.01558831116418364,0.0269335744036977,0.006053876983050055
0.29494949494949496,1.8,0.5808602550442471,0.260709853785921,0.01898731480406903,0.015081923544213787,0.026148530301057838,0.005921198507076472
0.2974747474747475,1.8,0.5782846046193266,0.25824770385531265,0.01862919603930008,0.014589601727722553,0.02538515019135504,0.0057928505272834075
0.3,1.8,0.5756554873333817,0.2557779029728959,0.01827635111686637,0.014111088047504126,0.024643046379425826,0.005668765646255006
0.05,2.0,0.4976046206221784,0.3770843697696887,0.09260978756700954,0.16459255934649625,0.21112656502684454,0.08494991288811388
0.05252525252525253,2.0,0.5038194958236497,0.3791717426180308,0.09036566469024501,0.16083788119986328,0.20836366167493262,0.0820298966448545
0.05505050505050505,2.0,0.5098368806961725,0.3811047335051259,0.0882506591641,0.15721602517249866,0.20562729507732463,0.07924703482014224
0.05757575757575758,2.0,0.515667944968589,0.38289241851132,0.0862547770263186,0.15372204792660485,0.20291626624636216,0.07659379316927056
0.060101010101010106,2.0,0.5213277885617952,0.38454714693085873,0.08436751406150665,0.1503447773699547,0.20022856973189374,0.0740589182023667
0.06262626262626263,2.0,0.5268199638167426,0.3860733352027152,0.08258065909145901,0.14708062828352303,0.19756314087488816,0.07163722223940083
0.06515151515151515,2.0,0.5321590142783089,0.38748206991293943,0.08088618612055228,0.1439198940867125,0.19491819595190166,0.06931914039044007
0.06767676767676768,2.0,0.5373486601692781,0.38877731902219825,0.07927660866027729,0.14085906026302467,0.19229300440127792,0.06710015848152327
0.07020202020202021,2.0,0.5424011227862249,0.3899681200236466,0.07774589067342424,0.13789057671969804,0.18968601395387666,0.06497278304571878
0.07272727272727272,2.0,0.5473185772219137,0.3910574123804118,0.07628763513362048,0.13501034186659738,0.18709658677700092,0.06293260048551545
0.07525252525252527,2.0,0.5521072262907007,0.3920502573471632,0.0748967080575122,0.13221355675731888,0.18452366960964037,0.0609746495697407
0.07777777777777778,2.0,0.5567739100451338,0.3929520261471042,0.0735683082725262,0.1294950137909889,0.1819664090154381,0.05909384294885678
0.0803030303030303,2.0,0.5613190809375845,0.3937643163947814,0.07229740708983229,0.1268519303745215,0.1794247569708838,0.057287212938553884
0.08282828282828283,2.0,0.5657522921334996,0.3944936607677417,0.07108079123247436,0.12427908540939378,0.17689733809245373,0.05554973431478696
0.08535353535353536,2.0,0.5700715938332708,0.3951401278173485,0.06991342435901689,0.12177386636975188,0.17438444517475957,0.05387867348642741
0.08787878787878789,2.0,0.5742844700856716,0.3957088306300885,0.06879263636428802,0.11933248313998422,0.1718850560248454,0.05227029327422167
0.0904040404040404,2.0,0.5783919608338931,0.39620134277989355,0.06771475532412619,0.1169515618168968,0.16939884544745534,0.05072138909726194
0.09292929292929294,2.0,0.5823926052260265,0.39661778341877707,0.06667591012945287,0.11462842566901381,0.16692579708329552,0.049229377896567304
0.09545454545454546,2.0,0.5862945624868533,0.39696333788354266,0.06567453308619456,0.11235972768878369,0.16446472671390913,0.047791029360614155
0.09797979797979799,2.0,0.5900936864107986,0.3972368518874839,0.06470677425180026,0.11014341045189974,0.16201666995822653,0.046404349987547285
0.10050505050505051,2.0,0.593795725406584,0.3974420197457839,0.06377104619561134,0.107976876787073,0.1595807039131778,0.04506684381107416
0.10303030303030303,2.0,0.5974017155407273,0.39758023694152184,0.06286500113086936,0.10585770946227326,0.15715681821238003,0.04377616762720149
0.10555555555555557,2.0,0.60090836086164,0.3976506994281238,0.06198557406306759,0.10378396947449461,0.15474583242094828,0.042530424403842214
0.10808080808080808,2.0,0.6043234721661158,0.3976578831649426,0.061132157505608464,0.10175336814386882,0.15234631528620216,0.04132744138280162
0.11060606060606061,2.0,0.6076427058937963,0.39760061366804533,0.06030187040118732,0.09976411959684917,0.14995952549856784,0.040165416002219644
0.11313131313131314,2.0,0.6108677632913334,0.39748036362813827,0.059493105611604126,0.09781441771155919,0.14758529031939427,0.039042616557035247
0.11565656565656567,2.0,0.6140027803165999,0.3972997638650595,0.05870499181820266,0.09590248401171028,0.14522293657767135,0.03795731855471007
0.1181818181818182,2.0,0.617041711204807,0.3970569231299117,0.05793489125927697,0.09402692415805823,0.142874206372478,0.036907985660702664
0.12070707070707072,2.0,0.6199909440384016,0.3967551907357716,0.05718244089375619,0.09218615901916453,0.14053773848937176,0.03589319360359976
0.12323232323232323,2.0,0.6228488569655688,0.39639472220755684,0.05644605182345895,0.09037877204976233,0.13821429856902515,0.03491143498040315
0.12575757575757576,2.0,0.6256118683421314,0.39597478311754003,0.05572385897078485,0.08860348522843556,0.13590510827066918,0.033961310441285905
0.12828282828282828,2.0,0.6282870600931486,0.39549883852293954,0.05501586013876327,0.08685895782838912,0.13360853606207015,0.033041685713499025
0.13080808080808082,2.0,0.630869662732197,0.3949657819902101,0.05432020817952071,0.08514407511812656,0.13132628369829258,0.03215112483295352
0.13333333333333336,2.0,0.6333598003661296,0.394376241680021,0.05363582343618215,0.08345770072567452,0.1290586057993782,0.03128843455808594
0.13585858585858587,2.0,0.6357622091251189,0.39373267534232764,0.052962551632803785,0.08179874572839983,0.12680444765508708,0.030452663443809584
0.1383838383838384,2.0,0.6380704262819248,0.393033574944125,0.05229875502644793,0.08016642413439781,0.12456605094245211,0.029642557330852887
0.14090909090909093,2.0,0.6402880038529671,0.39228068487038176,0.05164405415811104,0.0785596599815311,0.12234245568832097,0.02885722772443505
0.14343434343434344,2.0,0.6424162349210246,0.3914752557764694,0.05099798568498995,0.07697770098051583,0.12013384164256631,0.028095787397179696
0.14595959595959596,2.0,0.6444503169658458,0.39061659908229057,0.05035942055675002,0.07542010893864015,0.11794246231626475,0.02735721838716891
0.1484848484848485,2.0,0.6463962105238379,0.38970712381243927,0.04972839761905306,0.07388593316988995,0.1157666776780687,0.02664094268092882
0.15101010101010104,2.0,0.6482516343985171,0.3887468756713329,0.04910411057312979,0.07237450888412256,0.11360747365325125,0.02594590523757774
0.15353535353535355,2.0,0.6500126690226856,0.38773536609925013,0.04848557497832712,0.07088526295286941,0.111466389058185,0.025271020130642884
0.15606060606060607,2.0,0.6516856023731573,0.38667489668164456,0.04787287625217766,0.06941726636648338,0.10934153184999462,0.024615830651611666
0.1585858585858586,2.0,0.6532668185642397,0.3855653831166195,0.04726543955086452,0.06797033310684109,0.10723473734629915,0.023979509060150166
0.16111111111111112,2.0,0.654754345151015,0.38440700680510903,0.04666276128842149,0.06654412114162511,0.10514712001276526,0.023361318247999377
0.16363636363636364,2.0,0.6561536880939857,0.38320167112479486,0.04606485139465938,0.06513775000148905,0.10307691562563577,0.022760842992666213
0.16616161616161618,2.0,0.6574607174018052,0.3819493576339311,0.045471219691063894,0.0637512196111052,0.10102627186333223,0.022177235553193845
0.16868686868686872,2.0,0.6586753300606432,0.3806506926395782,0.044881538951182465,0.062384121823276795,0.09899560509271287,0.02160986835217418
0.1712121212121212,2.0,0.6598017101093099,0.37930715004990784,0.044295777926419616,0.061035733189225,0.09698358372388763,0.021058379179261007
0.17373737373737375,2.0,0.660835553181459,0.3779188579495301,0.04371366814044529,0.059706314537186146,0.0949925432143561,0.0205220496740381
0.1762626262626263,2.0,0.6617782996483025,0.3764866845634224,0.04313503955748905,0.05839541981431908,0.09302228351120494,0.020000444326979793
0.17878787878787883,2.0,0.6626326614382022,0.3750117429349253,0.04255980562873748,0.05710247927207915,0.09107198706440733,0.019493171670479724
0.18131313131313131,2.0,0.663394365189562,0.3734942629453492,0.04198780497763213,0.05582782230998535,0.08914387870745434,0.018999518005122912
0.18383838383838386,2.0,0.6640657050670418,0.3719350023077273,0.04141886190267694,0.05457082318767589,0.08723710995574849,0.01851912153807435
0.1863636363636364,2.0,0.6646484816788637,0.37033506225036966,0.04085295484435414,0.053331190526541915,0.08535149027558869,0.018051636751698217
0.18888888888888888,2.0,0.6651398058933266,0.3686952981966635,0.04029013761677996,0.05210942972325039,0.08348918622151404,0.017596503241382976
0.19141414141414143,2.0,0.6655430847703971,0.3670165947506888,0.03973024369251649,0.05090483996540816,0.08164901592979779,0.01715346611681201
0.19393939393939397,2.0,0.6658585824454308,0.3652996791211869,0.039173273646402856,0.049717284863640375,0.0798311283258932,0.016722160858193186
0.19646464646464645,2.0,0.6660830928415011,0.36354519469764096,0.03861936336108104,0.04854728303135085,0.07803740860443269,0.01630207965214218
0.198989898989899,2.0,0.6662198566005408,0.3617536661662962,0.038068280571165666,0.04739402849698183,0.07626641736089124,0.01589299313019064
0.20151515151515154,2.0,0.6662693873296228,0.35992620074739956,0.03752014118309639,0.04625759422137808,0.07451864501866325,0.015494610636740796
0.20404040404040408,2.0,0.666229867608066,0.3580640282547498,0.036975228935176845,0.045138594655776555,0.07279587861907624,0.015106563874788027
0.20656565656565656,2.0,0.6661047360105692,0.35616762370963534,0.03643329862308893,0.04403621356887461,0.07109663888773439,0.014728687097480524
0.2090909090909091,2.0,0.6658937266385867,0.35423781483622546,0.0358944605445413,0.04295055772966832,0.06942143647789618,0.014360651102787308
0.21161616161616165,2.0,0.6655949537912349,0.3522755971567797,0.035358976661991226,0.04188215384717812,0.06777172427606726,0.014002070467343227
0.21414141414141413,2.0,0.6652115704121616,0.3502811858154329,0.034826550675802655,0.04083015346228016,0.06614599069905693,0.01365279171070275
0.21666666666666667,2.0,0.6647436700517998,0.348255731558385,0.03429739522427253,0.039794791332743114,0.0645448780146314,0.013312562564375878
0.21919191919191922,2.0,0.664190175087645,0.3462005701966144,0.03377185791735536,0.03877663422751312,0.06296973105865697,0.01298108724430921
0.22171717171717176,2.0,0.6635539923824921,0.34411574190382355,0.033249605482249256,0.03777482738127505,0.061419070340482385,0.012658218990088281
0.22424242424242424,2.0,0.6628351393217664,0.34200237071492545,0.03273088563771822,0.036789643192331994,0.05989351082346467,0.012343742663522745
0.22676767676767678,2.0,0.6620327969005086,0.33986182036167706,0.03221608552326409,0.035821647929448176,0.058394241602616886,0.012037423686905756
0.22929292929292933,2.0,0.6611495511376436,0.3376939994202063,0.03170487024270858,0.03487002609596535,0.05691987653898768,0.011739141139707303
0.2318181818181818,2.0,0.6601856763296715,0.3355000440497008,0.031197459072808364,0.03393500319910452,0.05547091719675396,0.01144866848993575
0.23434343434343435,2.0,0.6591407844742043,0.3332813359646138,0.03069420041065278,0.03301706339249622,0.054048347710354654,0.011165760224830418
0.2368686868686869,2.0,0.6580171312404545,0.33103762915207996,0.030194739283343753,0.03211542058839455,0.05265086904251666,0.010890298350876564
0.23939393939393944,2.0,0.65681516382123,0.32877014841917723,0.02969934579089482,0.031230317816347865,0.05127893252717722,0.010622118867749962
0.24191919191919192,2.0,0.6555348049826393,0.32648042164996466,0.029208427161218357,0.030362248723694595,0.049933436152588585,0.010361040720225145
0.24444444444444446,2.0,0.6541780482720256,0.3241681147480232,0.02872162722590362,0.029510475731762163,0.048613192664866,0.010106954131500777
0.246969696969697,2.0,0.6527454116187394,0.3218343524043925,0.0282391797641006,0.02867517698543695,0.04731851099702987,0.009859699462706466
0.2494949494949495,2.0,0.65123693286228,0.3194806372336666,0.027761481078738656,0.027856797330490523,0.046050148703188104,0.009619106470833473
0.25202020202020203,2.0,0.6496542277680314,0.3171065477683896,0.027288191553663993,0.027054667399157052,0.04480704887968785,0.009385079468062722
0.2545454545454546,2.0,0.6479982061280756,0.31471321011175324,0.026819509292196814,0.02626889342394853,0.04358938332827407,0.009157469465467317
0.2570707070707071,2.0,0.6462693967920138,0.3123022296571619,0.026355815272128182,0.025499861994339776,0.04239777802543837,0.0089361121132449
0.2595959595959596,2.0,0.6444691163755204,0.30987312548697704,0.025896782731907243,0.024746974142039323,0.04123130592389615,0.008720919204674197
0.26212121212121214,2.0,0.6425983434910945,0.3074269381526213,0.02544258844972122,0.024010271733886746,0.040090015423460745,0.00851176188983502
0.2646464646464647,2.0,0.6406578255078432,0.3049653455826258,0.024993627240485886,0.02329009684354253,0.038974424055035005,0.008308492846777853
0.26717171717171717,2.0,0.6386487047474327,0.30248789357888295,0.02454960784948975,0.022585934139754574,0.03788374968637006,0.008111032980787905
0.2696969696969697,2.0,0.6365719229966526,0.29999542781680966,0.02411064198029266,0.021897740912749576,0.036817897592774804,0.007919262026110619
0.27222222222222225,2.0,0.6344282560107543,0.29748957887570054,0.023677094126179278,0.02122578944800955,0.035777245746488336,0.007733036755751477
0.2747474747474748,2.0,0.6322184899668275,0.2949698866920693,0.023248701881486332,0.0205696462669717,0.03476114488476665,0.007552280982693284
0.2772727272727273,2.0,0.6299438726104699,0.29243711765212477,0.022825542880322326,0.019929202620923733,0.03376939882997599,0.007376892985377519
0.2797979797979798,2.0,0.6276057482078612,0.28989304066853094,0.022407990850156188,0.019304672493742948,0.03280227692926675,0.0072067446029609
0.28232323232323236,2.0,0.6252048631922658,0.28733732339513374,0.02199584882152539,0.018695724582514315,0.0318592790531462,0.007041775852058259
0.28484848484848485,2.0,0.6227422133662552,0.284770452882544,0.0215891080867402,0.018102161390265943,0.030940089315887036,0.0068818801767571445
0.2873737373737374,2.0,0.6202191369746546,0.2821941475195749,0.021188085260712877,0.01752408517773048,0.030044814245527948,0.006726906657331248
0.28989898989898993,2.0,0.617636271296883,0.27960822831278825,0.02079263011053136,0.01696123307080388,0.02917306311577723,0.006576787010057047
0.2924242424242424,2.0,0.6149945659210737,0.27701293727457277,0.020402689265920083,0.01641337576810211,0.02832446772862045,0.006431443849288361
0.29494949494949496,2.0,0.6122955593865526,0.2744099738745634,0.02001856699757143,0.01588055054958245,0.02749901472328262,0.006290741977307933
0.2974747474747475,2.0,0.609539885527346,0.2717993796583124,0.01964018895113642,0.015362572361637492,0.02669641281247713,0.006154619736877626
0.3,2.0,0.6067283116077044,0.26918110105724086,0.019267427679871368,0.014859171159108162,0.02591625530832462,0.006023006971653644
0.05,2.2,0.520235256948578,0.3939428000964304,0.097401482840094,0.17206357665535438,0.2205273552785639,0.08933880965690255
0.05252525252525253,2.2,0.526618497924059,0.3960205547740756,0.0950097356609893,0.168091267109175,0.21757273565358068,0.08624439420780254
0.05505050505050505,2.2,0.5327985186014768,0.39794125307487377,0.09275595376460632,0.16426158453923437,0.21465026695052558,0.08329667515987395
0.05757575757575758,2.2,0.5387861390744757,0.3997137771602807,0.09062935354573352,0.16056893330969474,0.21175831021584976,0.08048743358939464
0.060101010101010106,2.2,0.544597112242113,0.4013508080812007,0.08861872541329534,0.1570013514804598,0.20889443997138352,0.07780464192725547
0.06262626262626263,2.2,0.5502352839727574,0.4028569179039147,0.08671520201421172,0.15355475318102874,0.2060573141561312,0.075242552694897
0.06515151515151515,2.2,0.5557156521987651,0.4042434105644399,0.08491023393591518,0.1502187880438657,0.2032447886562955,0.07279099088482707
0.06767676767676768,2.2,0.5610416063659162,0.4055141085664319,0.0831958297884867,0.14698957787519523,0.20045593664884598,0.07044505348157802
0.07020202020202021,2.2,0.5662257375216929,0.4066782177207789,0.08156555518090307,0.14385907291162384,0.19768891188386478,0.0681967736079161
0.07272727272727272,2.2,0.5712702990388576,0.4077387354467893,0.08001257247813931,0.14082279537900955,0.19494290692829888,0.06604135256434004
0.07525252525252527,2.2,0.5761817332726199,0.40870084565067877,0.07853140476051249,0.13787558745431344,0.19221667712954132,0.06397347635204849
0.07777777777777778,2.2,0.5809670144312884,0.40956997329201933,0.0771169232200024,0.13501187037793336,0.18950916297973938,0.06198770298999293
0.0803030303030303,2.2,0.5856264257047182,0.4103476382912574,0.07576373309319141,0.13222857217281717,0.186820185032993,0.060080764468454194
0.08282828282828283,2.2,0.5901699075048185,0.41104054497879194,0.07446841394505507,0.1295201566998594,0.18414816760791114,0.05824734590758731
0.08535353535353536,2.2,0.5945952036827378,0.41164863529796664,0.07322563038972453,0.1268837746342086,0.18149334001820253,0.05648448861238139
0.08787878787878789,2.2,0.5989099931619409,0.4121770937578391,0.07203251900485538,0.12431536992371836,0.17885450327687455,0.05478821440597235
0.0904040404040404,2.2,0.603115446018968,0.41262758281228484,0.07088521142392352,0.12181137622860819,0.17623127277039982,0.05315512073480542
0.09292929292929294,2.2,0.6072101208830001,0.4130002696741809,0.06977964201047163,0.1193689630891803,0.17362361590300007,0.05158246044277895
0.09545454545454546,2.2,0.6112024604479418,0.4133004472491384,0.06871411744630605,0.11698456692358643,0.17103018203720066,0.05006680978999189
0.09797979797979799,2.2,0.615088011049439,0.413526838482949,0.06768454236222714,0.11465594000226993,0.1684519783866137,0.04860597622705352
0.10050505050505051,2.2,0.6188727191670879,0.41368321374030564,0.0666892105053189,0.11238031211451092,0.16588795781978163,0.047197304919518436
0.10303030303030303,2.2,0.6225576509986673,0.41377099406545004,0.0657256391193299,0.11015511401513926,0.16333805189345513,0.04583830585777277
0.10555555555555557,2.2,0.6261393368399182,0.41378932324606094,0.06479059257737262,0.10797826684298915,0.16080307273734495,0.044526937203780266
0.10808080808080808,2.2,0.6296259062928968,0.41374279837905664,0.06388340428789412,0.10584734456047074,0.15828145503382998,0.043260909176402136
0.11060606060606061,2.2,0.6330127804242511,0.41363017157771675,0.06300103553884705,0.10376043740127637,0.15577446980157056,0.04203828183024487
0.11313131313131314,2.2,0.6363016834521537,0.4134529272466817,0.062141781706395914,0.1017156277118085,0.15328189067697823,0.04085721479812263
0.11565656565656567,2.2,0.6394969370239716,0.41321377313915836,0.061304704986893443,0.09971102082889614,0.1508029579398388,0.03971588001483325
0.1181818181818182,2.2,0.6425922781287473,0.41291076792053294,0.06048701945914262,0.09774510088410315,0.14833944296140258,0.03861260624044988
0.12070707070707072,2.2,0.645594343309185,0.4125473483601157,0.05968832173011104,0.09581618993040465,0.14588987740778794,0.03754589181035395
0.12323232323232323,2.2,0.6485014404455152,0.41212366047186877,0.05890693539195261,0.09392278888643378,0.14345502207542296,0.036514133011873944
0.12575757575757576,2.2,0.6513098488101277,0.4116389371180949,0.05814089346755127,0.09206353813202735,0.1410361154850232,0.035515829887089144
0.12828282828282828,2.2,0.6540269280271344,0.4110967327320249,0.05739017123782384,0.09023701468173119,0.13863141382673835,0.03454978971431005
0.13080808080808082,2.2,0.6566476953085888,0.4104959112100315,0.0566528408879403,0.08844204000681219,0.13624266851857456,0.033614492010382226
0.13333333333333336,2.2,0.6591722382544427,0.4098371072827259,0.05592776906910345,0.08667741362388956,0.1338701206391297,0.032708678372526966
0.13585858585858587,2.2,0.6616055016908353,0.4091228447397701,0.055214772430623484,0.08494197617788402,0.13151263197550667,0.031831341032886776
0.1383838383838384,2.2,0.6639408758094905,0.4083516083990086,0.05451212785956941,0.08323487983969292,0.12917250173899408,0.030981130448848676
0.14090909090909093,2.2,0.6661820996364021,0.4075252069043531,0.053819434153922194,0.08155499666087133,0.1268487141493536,0.03015711769468665
0.14343434343434344,2.2,0.6683304474609325,0.40664489112560004,0.053136179543375774,0.07990150623670969,0.12454140696178999,0.029358348625913203
0.14595959595959596,2.2,0.6703808513421162,0.40570991221138214,0.05246114499157577,0.0782738939877186,0.12225285742798152,0.02858370289310446
0.1484848484848485,2.2,0.6723394664716311,0.40472272031868134,0.05179434703364504,0.07667114587519255,0.11998132688841134,0.027832564867183524
0.15101010101010104,2.2,0.6742040179008532,0.40368341261923824,0.05113496587170378,0.07509258353315913,0.11772784266572862,0.027103845798760108
0.15353535353535355,2.2,0.6759705200556647,0.4025915348265785,0.05048199655827296,0.07353762240792894,0.11549400645363049,0.02639642112527273
0.15606060606060607,2.2,0.6776454620463505,0.4014494254210488,0.04983551210006579,0.07200528042895195,0.11327782922853523,0.025709810960334777
0.1585858585858586,2.2,0.679225140170652,0.4002570183291496,0.04919488808883173,0.0704953288494314,0.11108117216403657,0.025043114564370278
0.16111111111111112,2.2,0.6807075503415254,0.3990145176289609,0.04855958055981627,0.06900738525131837,0.10890515828551053,0.024395535485278484
0.16363636363636364,2.2,0.6820983813084333,0.3977238608736605,0.047929593931406785,0.06754052861153581,0.10674794384361189,0.02376664549716051
0.16616161616161618,2.2,0.6833933688546142,0.3963850423364456,0.04730440833594619,0.06609473861869085,0.10461172529126549,0.023155542284785603
0.16868686868686872,2.2,0.6845924062288029,0.394998705027257,0.04668367610587107,0.06466957903917242,0.10249691443586917,0.022561563400311447
0.1712121212121212,2.2,0.6856998288517446,0.3935663539830878,0.04606735528010865,0.06326428807626731,0.10040211447597998,0.02198432861989965
0.17373737373737375,2.2,0.6867112247615681,0.39208814681538756,0.045455147576800504,0.06187910549504118,0.09832970575423935,0.021423059981487347
0.1762626262626263,2.2,0.6876280699500584,0.3905649628947856,0.04484686191571836,0.0605135491346437,0.09627945606283685,0.020877289766387055
0.17878787878787883,2.2,0.6884531929349917,0.3889979492710713,0.044242406163898775,0.05916702480972889,0.09425050963198228,0.020346613354701854
0.18131313131313131,2.2,0.6891822893536822,0.3873874064164565,0.04364161144189498,0.05783986604771956,0.09224515405030997,0.01983028001251299
0.18383838383838386,2.2,0.689817782497578,0.38573412737315355,0.04304429254330709,0.05653142132737119,0.09026250548906527,0.019327913932049728
0.1863636363636364,2.2,0.6903614797513289,0.38403921431556226,0.04245041500757795,0.055241370833710404,0.08830234106268428,0.018839145324762926
0.18888888888888888,2.2,0.6908103399872422,0.38230353341221873,0.0418600202453156,0.05397021182178217,0.0863668637921671,0.01836337078230986
0.19141414141414143,2.2,0.6911678246296272,0.38052795632048275,0.04127292851036847,0.052717210225107766,0.08445483815717494,0.017900322511256228
0.19393939393939397,2.2,0.6914343074845307,0.3787132720245917,0.04068913568096597,0.051482216458337504,0.08256640669715516,0.0174496174042873
0.19646464646464645,2.2,0.6916066228621177,0.3768602159518753,0.04010877605947547,0.05026575259127881,0.08070349904462434,0.017010716087183787
0.198989898989899,2.2,0.6916881337918728,0.37496932474111405,0.03953160902841435,0.04906698548033612,0.07886462806893509,0.016583385033467922
0.20151515151515154,2.2,0.691679328441468,0.3730417109298567,0.03895773950325051,0.047885968884130985,0.07705026902090203,0.01616730665501025
0.20404040404040408,2.2,0.6915783094717229,0.37107862837622807,0.03838744136608309,0.04672330814953198,0.07526222563999377,0.01576207397033639
0.20656565656565656,2.2,0.6913885851452762,0.36908052852363166,0.03782045466470898,0.045578153316196114,0.0734989612716759,0.015367513418502168
0.2090909090909091,2.2,0.6911099730222314,0.367048314291385,0.03725689474338935,0.04445061182824529,0.07176099807451108,0.014983283910671283
0.21161616161616165,2.2,0.6907406418171946,0.3649830796931014,0.036697032474734055,0.043341221369872875,0.07004982591369312,0.01460898173867396
0.21414141414141413,2.2,0.6902838286222854,0.3628850262560506,0.03614055925706131,0.042249104363812705,0.06836388337677182,0.014244449335250965
0.21666666666666667,2.2,0.6897396278049401,0.3607553282596205,0.03558768414719031,0.04117448571089394,0.06670380696798663,0.013889414647939342
0.21919191919191922,2.2,0.6891069468399801,0.35859536625597577,0.03503875588982138,0.04011793165271758,0.0650709554900347,0.013543558956017656
0.22171717171717176,2.2,0.6883887540679672,0.3564051580464379,0.03449343041833348,0.039078562045233724,0.0634638047255402,0.013206734235670524
0.22424242424242424,2.2,0.6875851272262468,0.35418588145278995,0.03395195303894466,0.03805664025687421,0.06188296638808157,0.01287870608542655
0.22676767676767678,2.2,0.6866952952178765,0.35193896774207195,0.03341471027250612,0.037052728203862226,0.06032963807007321,0.012559216054374352
0.22929292929292933,2.2,0.6857218988844108,0.34966429528683757,0.03288135283330338,0.036065983502452915,0.05880238964282253,0.012248139606105426
0.2318181818181818,2.2,0.6846652435077635,0.34736305304453413,0.032352107793011425,0.035096632287681985,0.05730172571191292,0.011945241010638336
0.23434343434343435,2.2,0.6835249676979913,0.34503669404510146,0.03182733503153766,0.034145164907936607,0.05582864474857742,0.011650262906545066
0.2368686868686869,2.2,0.6823033700217581,0.34268494275308775,0.03130666768869235,0.03321077255155744,0.05438181043783882,0.011363085653362921
0.23939393939393944,2.2,0.6810009497093338,0.3403090658827426,0.03079037339344117,0.032293688662883485,0.052961664813781846,0.011083529399294316
0.24191919191919192,2.2,0.6796176764858354,0.3379106508772366,0.030278860843033422,0.03139440263605542,0.0515691064004648,0.010811395163575578
0.24444444444444446,2.2,0.6781555647376972,0.3354893286314454,0.02977176251296526,0.030512156631188874,0.05020291560709141,0.010546572303889905
0.246969696969697,2.2,0.6766152066715557,0.3330462766617248,0.029269314453741247,0.02964712279483666,0.04886339342626936,0.010288889646450064
0.2494949494949495,2.2,0.6749967226897527,0.33058307147759125,0.028771918212580898,0.028799743895723227,0.0475512969793742,0.010038162022549053
0.25202020202020203,2.2,0.673301751543994,0.3280992569004384,0.028279222334286307,0.027969332309671486,0.04626554070387901,0.009794291816325743
0.2545454545454546,2.2,0.6715312433139937,0.32559599943704437,0.027791427428738334,0.027155986710689323,0.04500628642982492,0.009557121790382884
0.2570707070707071,2.2,0.6696857778447837,0.32307497132762425,0.027308921587345384,0.02636009042947541,0.04377415767566154,0.009326476669321234
0.2595959595959596,2.2,0.6677666851123302,0.3205356583603302,0.026831367702583712,0.02558102887849991,0.042568203885061474,0.009102267047838113
0.26212121212121214,2.2,0.6657750028826918,0.31797913738884714,0.026358942350498907,0.024818834947134025,0.041388459156177615,0.00888435481576347
0.2646464646464647,2.2,0.6637115500011603,0.315407152595606,0.02589204522446779,0.024073845551808852,0.04023543283689643,0.008672580368006149
0.26717171717171717,2.2,0.6615774611889107,0.3128192132416512,0.02543037531237086,0.023345532357843795,0.03910832301612844,0.00846686309071063
0.2696969696969697,2.2,0.659373755998116,0.31021620368923253,0.024974044598788672,0.02263384253168316,0.03800702022683025,0.00826707600812314
0.27222222222222225,2.2,0.6571013248599183,0.307599834076104,0.024523423660924477,0.021939041130169062,0.036931892129715836,0.008073065616318879
0.2747474747474748,2.2,0.6547609684869814,0.3049696186247102,0.02407824300538279,0.0212606852258522,0.03588227500317988,0.0078847552214447
0.2772727272727273,2.2,0.652353959129658,0.3023263400721186,0.023638576898389718,0.020598653442235194,0.034857953951688316,0.007702035598853641
0.2797979797979798,2.2,0.649881700822448,0.2996718293698428,0.023204801074901558,0.019953147287235712,0.033859180260244814,0.007524766151185796
0.28232323232323236,2.2,0.6473449313228694,0.29700572820163856,0.02277671023107569,0.01932382501750861,0.03288543951031801,0.007352883956934564
0.28484848484848485,2.2,0.6447447051012687,0.2943285416561399,0.022354295318835687,0.01871048084598786,0.0319364014114684,0.00718627961996033
0.2873737373737374,2.2,0.6420824719004236,0.2916420609867177,0.021937880025860227,0.018113208708143317,0.03101215663591789,0.0070247951160459865
0.28989898989898993,2.2,0.6393588712054709,0.2889460895844085,0.021527309880307797,0.017531739260165807,0.03011230409497773,0.006868360957600175
0.2924242424242424,2.2,0.6365748850750719,0.286240874410213,0.02112252627418458,0.016965831533545972,0.029236459056840802,0.006716895021215183
0.29494949494949496,2.2,0.633732170732077,0.2835281905713997,0.02072383560524832,0.01641550801406576,0.028384585745631217,0.00657025203616364
0.2974747474747475,2.2,0.6308313841798463,0.2808080757208992,0.020331158591517618,0.015880575216713412,0.02755638087340396,0.006428366663768573
0.3,2.2,0.6278732984462938,0.2780804650149928,0.01994436395607948,0.015360755523897766,0.026751425890014852,0.006291167374320285
0.05,2.4,0.5360374315204586,0.40557231879441175,0.10103532260604195,0.17727322561373504,0.22699345015190675,0.09266431058190447
0.05252525252525253,2.4,0.5424823556910632,0.4075924282575167,0.09851764879392638,0.17312604616740324,0.22387281909298964,0.08942730066755614
0.05505050505050505,2.4,0.5487217054744623,0.40945579240481356,0.09614563568619557,0.1691302097393284,0.22079045324624444,0.086345322119677
0.05757575757575758,2.4,0.5547656317390443,0.41117085487550564,0.09390777689936206,0.16527945142398565,0.21774421161111315,0.0834095031441819
0.060101010101010106,2.4,0.5606303218084691,0.41275040993534895,0.09179225346321478,0.16156111594109124,0.21473120928602998,0.08060714164292583
0.06262626262626263,2.4,0.5663198861038179,0.4141991102868593,0.08978959579512567,0.15797059956466292,0.21174979369843347,0.07793193466105851
0.06515151515151515,2.4,0.5718495346398055,0.41552826707435764,0.08789080763517124,0.1544970005663907,0.20879742874553955,0.07537319170900665
0.06767676767676768,2.4,0.5772221789927242,0.4167414387023358,0.08608746091161304,0.15113608470163975,0.20587296708265598,0.07292564471307737
0.07020202020202021,2.4,0.5824505749515205,0.417847827023835,0.08437277941760295,0.1478793746790056,0.20297424515497473,0.07058092846667581
0.07272727272727272,2.4,0.587537017864977,0.4188504297108443,0.08273954155641218,0.14472203562438216,0.20010026550595528,0.06833388191915203
0.07525252525252527,2.4,0.5924880942217671,0.4197544610545225,0.08118197488332518,0.141658588785451,0.1972495772573651,0.06617888011671237
0.07777777777777778,2.4,0.5973107838767502,0.42056528861627435,0.07969466601385501,0.13868312923620807,0.19442089341121643,0.0641101709316207
0.0803030303030303,2.4,0.6020051579491607,0.42128430298055314,0.07827189505821504,0.13579230244425525,0.19161387778700334,0.06212419335505474
0.08282828282828283,2.4,0.6065814026834145,0.4219182655194945,0.07691006543327387,0.1329803131930976,0.188826746154446,0.060215399003813015
0.08535353535353536,2.4,0.6110369412563549,0.42246696527233524,0.0756035971080099,0.13024408840742882,0.18605964425168714,0.058380621108471926
0.08787878787878789,2.4,0.6153795170778865,0.4229355572541456,0.07434945501119863,0.12757933991310844,0.18331118505678365,0.05661567721390411
0.0904040404040404,2.4,0.6196104300345939,0.4233257725856978,0.07314361797352482,0.1249823469391436,0.1805809190389398,0.0549169999207257
0.09292929292929294,2.4,0.6237282927658815,0.4236378308524,0.0719818743115463,0.12245015504182102,0.17786879282769544,0.05328170370719464
0.09545454545454546,2.4,0.6277417024938113,0.4238770369056609,0.07086241516415129,0.1199790173415985,0.1751732840148945,0.05170620609300714
0.09797979797979799,2.4,0.6316459326550254,0.4240419929210015,0.06978093821757207,0.11756650575029548,0.1724953422028631,0.05018812135539941
0.10050505050505051,2.4,0.6354470366512213,0.4241364769785283,0.06873563043280652,0.11520970193639238,0.16983379275839325,0.04872466080305006
0.10303030303030303,2.4,0.6391460928152952,0.424161908638656,0.06772390009970938,0.11290590944782294,0.16718849776556308,0.04731321156406598
0.10555555555555557,2.4,0.6427394980263827,0.4241173867340435,0.06674237629286428,0.11065292618730152,0.16456024143659043,0.0459516013649279
0.10808080808080808,2.4,0.6462355862701503,0.4240075524217673,0.06579033493778573,0.10844821350565115,0.16194733080888815,0.04463744931362145
0.11060606060606061,2.4,0.6496295955982836,0.4238310961135574,0.06486461344959878,0.10628975399197425,0.15935102287112876,0.043368691849888966
0.11313131313131314,2.4,0.6529232396355876,0.42358948310561834,0.06396342648268943,0.10417553737769437,0.1567710309233095,0.04214339764986375
0.11565656565656567,2.4,0.6561209680435874,0.4232854536111061,0.0630857760052409,0.10210357037330202,0.15420650722921178,0.04095965361588508
0.1181818181818182,2.4,0.6592163935173769,0.4229170477366568,0.06222875824305821,0.1000722239574577,0.15165921879840463,0.039815662040422764
0.12070707070707072,2.4,0.6622163053932869,0.42248773156207997,0.06139192939539351,0.09807973777106815,0.14912760020155846,0.038709860742645666
0.12323232323232323,2.4,0.6651189638311504,0.42199763587208244,0.060573543934290104,0.09612454594379219,0.14661238911936506,0.03764056487357801
0.12575757575757576,2.4,0.6679205621306555,0.42144597038921494,0.05977155486185442,0.09420522020386665,0.14411481659306802,0.036606185853149155
0.12828282828282828,2.4,0.6706286320889319,0.42083631876820266,0.05898591030552052,0.09232026953462405,0.14163304170910682,0.035605486555732924
0.13080808080808082,2.4,0.6732380435318398,0.4201675334666762,0.05821462720220614,0.09046846416613909,0.13916883655124693,0.03463687785101928
0.13333333333333336,2.4,0.6757488381514313,0.41944024276783265,0.05745653195471097,0.08864855249589913,0.136722420094878,0.03369905029345608
0.13585858585858587,2.4,0.6781661029585024,0.4186569942316407,0.05671140973218107,0.08685931564849766,0.13429257842496245,0.0327909501991622
0.1383838383838384,2.4,0.6804831955618111,0.4178162963818543,0.05597747207538173,0.08509984984553835,0.13188162915053944,0.03191114249262947
0.14090909090909093,2.4,0.6827039973510075,0.41691999498113935,0.05525429995908655,0.08336898899916774,0.12948851119656513,0.031058669836453598
0.14343434343434344,2.4,0.6848297321397335,0.41596931365331996,0.0545413341715537,0.0816658487423178,0.12711330877810623,0.030232518226872774
0.14595959595959596,2.4,0.6868551241740916,0.4149634473483768,0.053837273860032585,0.07998983415493327,0.12475827799849522,0.029431468314306167
0.1484848484848485,2.4,0.6887864277880058,0.41390484203585315,0.053142108043486985,0.0783398771866884,0.12242159965754683,0.028654872572566107
0.15101010101010104,2.4,0.690621424780968,0.4127936538073892,0.052455018277319514,0.07671529753495594,0.12010432773328393,0.027901625567139727
0.15353535353535355,2.4,0.6923561369300447,0.41162947863928856,0.051774996567334336,0.075115509235377,0.11780810379653195,0.027170580880001207
0.15606060606060607,2.4,0.6939971529682687,0.410414648213683,0.05110209905238106,0.07353948778427463,0.11553086564429545,0.02646124114850226
0.1585858585858586,2.4,0.6955407443161314,0.40914911923687114,0.0504356551513391,0.07198695815876516,0.11327446489128501,0.025772637340678337
0.16111111111111112,2.4,0.6969849123010836,0.4078331180435939,0.04977508402469903,0.0704574977860029,0.11104001027917518,0.025103918914809592
0.16363636363636364,2.4,0.6983354407439243,0.4064685808521456,0.04912038307901162,0.06895015685615856,0.10882560259857728,0.024454651347423036
0.16616161616161618,2.4,0.6995879971850054,0.4050555168667653,0.048471007895306846,0.0674648911418356,0.10663344888352531,0.02382388635149225
0.16868686868686872,2.4,0.7007424725520153,0.40359457483192096,0.0478265935999023,0.06600124008761635,0.10446394634651408,0.02321093398696815
0.1712121212121212,2.4,0.7018032891626889,0.4020872641909693,0.047187086043575875,0.06455841236198197,0.10231565024249115,0.022615400639220958
0.17373737373737375,2.4,0.7027660018199551,0.40053377401822265,0.04655215749666307,0.06313661732343895,0.10019094305459791,0.022036453591326444
0.1762626262626263,2.4,0.7036320969882895,0.3989349777673175,0.04592159561213948,0.061735340000265516,0.09808955907161239,0.021473596566486394
0.17878787878787883,2.4,0.7044044811304917,0.39729203805392804,0.0452953033475006,0.06035396966210064,0.09601061511801993,0.020926417976995626
0.18131313131313131,2.4,0.7050789057099234,0.3956053326034158,0.04467310628674632,0.05899283738741413,0.09395642413104992,0.02039413896842483
0.18383838383838386,2.4,0.7056578955953241,0.3938756791663686,0.0440548116520229,0.05765127474695349,0.09192607889778111,0.019876375091492905
0.1863636363636364,2.4,0.7061432270371216,0.3921041571191854,0.043440370102727735,0.0563289347957742,0.08991932266568786,0.01937273542358796
0.18888888888888888,2.4,0.7065317430246779,0.39029162657972527,0.04282980714215753,0.05502629432489737,0.08793835454767508,0.018882578005109216
0.19141414141414143,2.4,0.7068268950591272,0.3884389249026497,0.04222293093953763,0.053742595294868585,0.08598190149697338,0.01840562537220182
0.19393939393939397,2.4,0.7070291796013097,0.38654689738062986,0.04161973167680968,0.05247767548067572,0.0840500952144947,0.017941480441962303
0.19646464646464645,2.4,0.7071355471995419,0.3846163728246941,0.041020338699229386,0.05123204975355913,0.08214487671249003,0.017489577680742406
0.198989898989899,2.4,0.707149434126664,0.3826478903225959,0.04042450644840212,0.050004870339043404,0.08026473371217836,0.017049683680706737
0.20151515151515154,2.4,0.7070712875216423,0.38064254467939523,0.039832324309137905,0.04879616693454854,0.07841011322506897,0.016621455388754078
0.20404040404040408,2.4,0.7068991554891855,0.3786015912731617,0.03924404836638427,0.04760652107378921,0.07658280030935305,0.016204448176421273
0.20656565656565656,2.4,0.7066365536975722,0.37652544369608,0.038659406556399024,0.046435060791153546,0.07478122285430343,0.015798482885317613
0.2090909090909091,2.4,0.7062834029465749,0.37441507465580665,0.03807851762704878,0.04528189191449241,0.07300590536689239,0.015403211614811
0.21161616161616165,2.4,0.7058379759798062,0.372271671487112,0.03750165711202977,0.04414755356571727,0.07125834967836903,0.015018217518547977
0.21414141414141413,2.4,0.7053035403099036,0.3700954150154586,0.036928508268098084,0.04303115221846641,0.06953696837670924,0.01464334157235127
0.21666666666666667,2.4,0.7046801890702844,0.3678874821601472,0.03635927127396593,0.04193289620853844,0.06784237752716567,0.01427829388289432
0.21919191919191922,2.4,0.7039668352905346,0.36564927688828563,0.035794288623189764,0.04085333901993344,0.0661759235389671,0.01392273512104677
0.22171717171717176,2.4,0.7031664565803584,0.36338078988605327,0.03523321068661682,0.0397915890605648,0.06453606146363075,0.013576519001250193
0.22424242424242424,2.4,0.7022792006835112,0.3610832374616782,0.0346762745335168,0.038747893327074664,0.06292338611138641,0.013239393083460147
0.22676767676767678,2.4,0.7013043698744665,0.358758100259407,0.034123857565090426,0.03772279657731853,0.061339079677259815,0.012911075855843286
0.22929292929292933,2.4,0.7002446133723554,0.3564052232441655,0.03357560078763471,0.03671544241487918,0.05978169020974182,0.012591441171716976
0.2318181818181818,2.4,0.6991002665968541,0.35402583244911434,0.0330317355941179,0.03572605284264269,0.05825171513088042,0.01228024741718196
0.23434343434343435,2.4,0.6978710073741189,0.35162143429207204,0.03249262772582569,0.034755115063761284,0.05675014863833274,0.011977228631272083
0.2368686868686869,2.4,0.6965591358433276,0.3491917239322306,0.03195790397049058,0.033801810473047374,0.05527563854433485,0.011682265829889314
0.23939393939393944,2.4,0.6951652022424634,0.3467379905988679,0.03142782321284466,0.0328663561703855,0.0538286064915139,0.011395164033342066
0.24191919191919192,2.4,0.6936892325838525,0.34426185833802714,0.030902787080164976,0.0319492260969572,0.052409932597428675,0.011115707054539292
0.24444444444444446,2.4,0.692133222721051,0.3417629242634868,0.03038242235770892,0.03104965446652844,0.05101838478273706,0.010843785650941512
0.246969696969697,2.4,0.6904978402834323,0.3392424032459993,0.029866962683943524,0.03016780264131261,0.04965424825576061,0.010579218528340584
0.2494949494949495,2.4,0.6887833009907054,0.3367019256033928,0.029356807192072683,0.029304101517076613,0.048318263600244084,0.010321806619151087
0.25202020202020203,2.4,0.6869912356468694,0.33414100359112303,0.028851597828005664,0.028457856416725387,0.04700933429044583,0.01007145213964305
0.2545454545454546,2.4,0.6851226216799792,0.331560826596834,0.028351533839227103,0.027629154958915186,0.0457276069346361,0.00982799138301682
0.2570707070707071,2.4,0.6831780869065212,0.328963110292023,0.027857003422954628,0.026818368480679533,0.044473688966297505,0.009591239775121607
0.2595959595959596,2.4,0.6811589485656103,0.32634731182866783,0.027367664345007828,0.026024876921616723,0.0432466221027453,0.009361108441189184
0.26212121212121214,2.4,0.6790662923040699,0.32371452799995243,0.026883689126623714,0.025248701846377678,0.042046422829711584,0.009137451158901182
0.2646464646464647,2.4,0.6769010041301166,0.32106654419516917,0.026405474678045715,0.024490166932458327,0.04087358009210223,0.008920097039417986
0.26717171717171717,2.4,0.6746641853485318,0.31840283672391845,0.025932714796153646,0.023748739646938424,0.03972728552982258,0.008708965417562439
0.2696969696969697,2.4,0.6723569258525642,0.3157243167958815,0.025465519373034665,0.023024356303794968,0.03860741458493146,0.008503924031251862
0.27222222222222225,2.4,0.6699802329141544,0.3130327521995766,0.025004258264390275,0.02231726780729549,0.03751431500923501,0.008304810373618823
0.2747474747474748,2.4,0.6675349071973958,0.3103276369022715,0.024548659284742317,0.0216270294318011,0.036447319999684376,0.008111548833032627
0.2772727272727273,2.4,0.6650222226927395,0.30760975623852393,0.0240987910916536,0.02095350745178656,0.035406197121698915,0.007924023547670555
0.2797979797979798,2.4,0.6624436241891692,0.3048809755495999,0.0236550237646534,0.020296884380702165,0.03439117108939879,0.0077420820230333556
0.28232323232323236,2.4,0.659799823266338,0.30214091328620807,0.023217146468944648,0.019656813374631335,0.03340172147205541,0.007565659179699201
0.28484848484848485,2.4,0.657091921307011,0.2993900850196652,0.022785149921481108,0.019033083212238594,0.03243750795908933,0.0073946446093740015
0.2873737373737374,2.4,0.6543214691341894,0.29663033002003936,0.022359359275838885,0.018425776017012365,0.03149860064048708,0.007228875206067558
0.28989898989898993,2.4,0.6514890950433553,0.29386143489967104,0.02193961830322378,0.017834620508779514,0.03058459466239761,0.007068281562496589
0.2924242424242424,2.4,0.6485957984837298,0.2910836471077615,0.021525863414654275,0.01725936704799733,0.02969509392031263,0.006912777650308036
0.29494949494949496,2.4,0.6456433418122153,0.28829879337453107,0.02111839698700832,0.01670002018547597,0.02883003700201633,0.006762209250499957
0.2974747474747475,2.4,0.6426323931315577,0.2855069058239293,0.020717135569997505,0.01615638058355672,0.027989112874877438,0.006616508020687988
0.3,2.4,0.6395637156669488,0.28270790754405045,0.02032194612548637,0.015628167568460475,0.027171897834304903,0.006475602350974092
0.05,2.6,0.5453495498087162,0.4122415747552077,0.10355182944988921,0.1803340447074743,0.2306768784609045,0.09496381850728502
0.05252525252525253,2.6,0.5517584659471557,0.4141618637150839,0.10093007823169893,0.1760541628165247,0.22741687662425908,0.09161558089818829
0.05505050505050505,2.6,0.5579625812319842,0.41592843764036735,0.0984605190282499,0.1719331955703296,0.22420160334703848,0.08842948039902068
0.05757575757575758,2.6,0.5639710988480023,0.4175490860247958,0.09613099369614352,0.16796420444474897,0.22102836630942863,0.08539603028321775
0.060101010101010106,2.6,0.5698004317230261,0.41903651347518944,0.09392917000752211,0.1641339399184916,0.21789379208782367,0.08250195445502276
0.06262626262626263,2.6,0.5754549208673808,0.420395380968569,0.09184503398176082,0.1604372736169229,0.21479589146188294,0.07974040631030495
0.06515151515151515,2.6,0.5809497630697238,0.42163681457659863,0.08986921865448096,0.15686284560548075,0.21173171372878116,0.07710027378282933
0.06767676767676768,2.6,0.5862872673796438,0.42276400504014805,0.08799292776044501,0.1534060783925019,0.2086998716367645,0.0745759505989744
0.07020202020202021,2.6,0.5914801644371099,0.4237859931714974,0.0862090996270212,0.1500581398446593,0.2056978681998694,0.07215874757683756
0.07272727272727272,2.6,0.5965307566076631,0.4247057231398352,0.08451018598959477,0.1468138615454665,0.2027244998677674,0.06984316744987806
0.07525252525252527,2.6,0.6014456842092544,0.4255283542661361,0.0828901663421021,0.1436674837616852,0.19977809905904417,0.06762331707397154
0.07777777777777778,2.6,0.6062318156773938,0.4262590965132959,0.08134338613007647,0.1406128219521568,0.1968571355803471,0.06549317945168173
0.0803030303030303,2.6,0.6108889750668571,0.4268991662505382,0.07986384266439243,0.13764625042594283,0.1939610958977918,0.06344891181985873
0.08282828282828283,2.6,0.615427460940014,0.4274552763964392,0.07844779391893958,0.13476177010093462,0.19108798329227825,0.06148478703539472
0.08535353535353536,2.6,0.619844369092024,0.4279270418428227,0.07708946846946768,0.13195610007463052,0.18823784260276447,0.059597448993157456
0.08787878787878789,2.6,0.6241473880099642,0.42831949716700735,0.07578568184337729,0.1292247549348573,0.18540909194807692,0.0577825476018261
0.0904040404040404,2.6,0.6283379437249269,0.42863442159432247,0.07453230194587857,0.12656389644528318,0.18260121242822305,0.056036383320857086
0.09292929292929294,2.6,0.6324147322299958,0.4288720889363564,0.07332501719401158,0.12397047506455366,0.17981412530942878,0.054355957794344954
0.09545454545454546,2.6,0.6363863853147563,0.4290377290719142,0.07216191396606257,0.12144059407544988,0.17704613475937112,0.05273756386721421
0.09797979797979799,2.6,0.640247940178666,0.42912982729227755,0.07103852133487103,0.11897165754850718,0.17429810710436713,0.051178631217908215
0.10050505050505051,2.6,0.6440054723909004,0.4291521072490759,0.06995293197499357,0.11656062431247481,0.17156873954564314,0.04967626221069264
0.10303030303030303,2.6,0.6476600556061591,0.42910596220609076,0.06890247045333739,0.11420469544671746,0.16885781542231013,0.048227744874472074
0.10555555555555557,2.6,0.6512079922104385,0.4289904530197855,0.06788366475356755,0.11190156296252726,0.16616607265680347,0.04683079174757017
0.10808080808080808,2.6,0.6546577128203217,0.428810194228191,0.06689573551810314,0.1096486000185744,0.16349169885783693,0.04548295582772435
0.11060606060606061,2.6,0.6580043233868466,0.42856382602749477,0.06593542892176521,0.10744369827530462,0.16083591311346257,0.04418206456241389
0.11313131313131314,2.6,0.6612494967832724,0.4282527669902212,0.0650008953034231,0.10528477363082539,0.1581983632857719,0.04292611326767082
0.11565656565656567,2.6,0.6643977557431104,0.42787974874781776,0.06409108292618687,0.10316975190846718,0.1555781139523087,0.04171312206769007
0.1181818181818182,2.6,0.6674426747916669,0.42744282116460747,0.0632029996138375,0.10109690083367798,0.15297689726560057,0.040541176711111515
0.12070707070707072,2.6,0.6703911064373683,0.42694542645396677,0.06233616162715161,0.09906439401540573,0.15039306162170582,0.03940867081726966
0.12323232323232323,2.6,0.6732412842784022,0.42638767507369824,0.06148877204694046,0.09707061422562446,0.14782730537249475,0.038313853584472896
0.12575757575757576,2.6,0.6759893651341695,0.4257687624135867,0.06065872497764409,0.09511407752898797,0.1452808300701353,0.0372550602722828
0.12828282828282828,2.6,0.6786429540984417,0.42509224645835486,0.059845937517163945,0.09319323901548307,0.14275171332498132,0.03623102282025298
0.13080808080808082,2.6,0.6811968360484764,0.4243569845434788,0.059048395165816496,0.09130682991555468,0.14024172104607582,0.035240099056560684
0.13333333333333336,2.6,0.6836509992763518,0.42356358672989136,0.0582648967834634,0.08945356014801724,0.1377510426395839,0.03428094217096349
0.13585858585858587,2.6,0.6860106098633848,0.42271458566552694,0.05749519431915438,0.08763216232157202,0.13527839705346173,0.033352462788545284
0.1383838383838384,2.6,0.6882690961871493,0.42180854035483784,0.056737453174998016,0.08584168314865043,0.13282608452165726,0.03245315082817495
0.14090909090909093,2.6,0.6904304384562363,0.42084730821557514,0.055991240182481514,0.08408093152106401,0.13039300890701688,0.03158203189217681
0.14343434343434344,2.6,0.6924957826565817,0.41983206149399793,0.05525595040531613,0.08234896423292447,0.12797919167506625,0.030738039625054017
0.14595959595959596,2.6,0.6944597017051588,0.4187619437700424,0.05453021015274882,0.08064510435004064,0.12558682799893253,0.02991986068044763
0.1484848484848485,2.6,0.696328461019444,0.4176393562002616,0.05381397669007402,0.07896823936909453,0.12321403614823964,0.029126821397537833
0.15101010101010104,2.6,0.6980999429871466,0.41646451879280905,0.05310644605813805,0.07731769732642638,0.120861882629661,0.028357815319072555
0.15353535353535355,2.6,0.6997702422093445,0.4152370906158485,0.05240662277434554,0.07569289964917256,0.11853202704151419,0.02761168971451597
0.15606060606060607,2.6,0.7013459535859088,0.4139593574661256,0.051714542303580094,0.07409278981566149,0.11622235693606177,0.026887935192792697
0.1585858585858586,2.6,0.7028233805609311,0.4126313021353232,0.0510294918279938,0.07251704440079583,0.1139346828144629,0.026185520035330086
0.16111111111111112,2.6,0.7042005628411102,0.4112531720860756,0.05035085747414265,0.07096520178189723,0.11167007893495733,0.025503545430382808
0.16363636363636364,2.6,0.7054832983459604,0.40982687032477344,0.049678628300467424,0.06943629447511764,0.10942661336951333,0.024841576699964785
0.16616161616161618,2.6,0.7066672470389003,0.40835242241619907,0.04901224037472382,0.0679302515432341,0.10720646920406282,0.024198628267366785
0.16868686868686872,2.6,0.7077522987653578,0.4068304727281804,0.048351314782785794,0.06644659197725519,0.10501002031808951,0.02357398989725473
0.1712121212121212,2.6,0.7087429027989953,0.40526251097131577,0.04769578401780721,0.06498450342781502,0.10283579053618466,0.022967259002476464
0.17373737373737375,2.6,0.7096346480132186,0.40364875844731984,0.047045291800300364,0.06354415720253137,0.10068612617409621,0.022377553604347088
0.1762626262626263,2.6,0.7104290084983342,0.40199006746138416,0.04639960471111718,0.06212500922543944,0.09856072757985017,0.02180435273885769
0.17878787878787883,2.6,0.7111289320791536,0.40028759918519985,0.0457586214082901,0.060726439593355074,0.09645869440272874,0.021247243552867015
0.18131313131313131,2.6,0.7117303022694824,0.39854181238439557,0.04512216372366681,0.05934877102999977,0.0943823307596365,0.020705427682251788
0.18383838383838386,2.6,0.712235718230081,0.3967535392378493,0.04449003311483001,0.05799132645886062,0.09233071720151288,0.0201785170438938
0.1863636363636364,2.6,0.7126468918375033,0.39492381558621364,0.04386216385008898,0.05665373360406472,0.0903035625667433,0.019666102838976515
0.18888888888888888,2.6,0.7129605853204999,0.3930534805365796,0.043238562684430465,0.055336438274476436,0.08830302610482896,0.01916750937429255
0.19141414141414143,2.6,0.7131801829544643,0.3911433188740198,0.04261902692538337,0.054038667294365704,0.08632781253095337,0.01868245262226127
0.19393939393939397,2.6,0.7133063123288397,0.3891942257184514,0.042003540218113394,0.05276024655487355,0.08437803892962678,0.018210525967009263
0.19646464646464645,2.6,0.7133361050319561,0.3872071218589133,0.04139222396960101,0.051501674352179304,0.08245562784046304,0.017751143131336494
0.198989898989899,2.6,0.7132730246830211,0.3851825401573847,0.04078483077324214,0.05026209977469217,0.08055906252193153,0.01730407466807232
0.20151515151515154,2.6,0.71311746440298,0.3831215374789598,0.04018143073695455,0.049041524720397994,0.07868875082414314,0.016868953918464918
0.20404040404040408,2.6,0.7128674417170218,0.3810253504819321,0.03958225542940056,0.04784049440436361,0.07684642809994063,0.016445300342704108
0.20656565656565656,2.6,0.7125264237839459,0.37889434309741254,0.03898702327578192,0.04665812584419889,0.07503050720820807,0.016032931298103688
0.2090909090909091,2.6,0.7120944496137931,0.3767295510224729,0.038395854810254225,0.04549452119382435,0.0732415067038338,0.015631496787181374
0.21161616161616165,2.6,0.7115699375465522,0.37453224767011456,0.037809026249739155,0.0443502124209295,0.07148091771154669,0.015240571741133654
0.21414141414141413,2.6,0.7109561366321614,0.3723025872931784,0.03722621657498661,0.04322430216012168,0.0697471486723027,0.014859998076992198
0.21666666666666667,2.6,0.7102531368792394,0.3700417306486075,0.036647612525987076,0.04211697662096707,0.06804078268132376,0.01448947019273686
0.21919191919191922,2.6,0.709459874911314,0.3677510853714762,0.03607354385695295,0.04102876595394587,0.06636313061357828,0.01412863069039642
0.22171717171717176,2.6,0.7085792906603267,0.3654306114504531,0.03550366014201594,0.03995877978996895,0.06471264865046478,0.013777337689332387
0.22424242424242424,2.6,0.7076116085987377,0.36308154889974614,0.034938185178780876,0.038907242638255804,0.06308990299377071,0.013435322202317872
0.22676767676767678,2.6,0.7065562251003042,0.36070541011083285,0.03437747985383327,0.03787467115091486,0.061496039600949806,0.0131022808846179
0.22929292929292933,2.6,0.7054157559838821,0.35830200461299244,0.033821179859003354,0.03686020673303507,0.05992960497837603,0.012778087821696952
0.2318181818181818,2.6,0.7041905651729345,0.3558725803970825,0.03326951765529955,0.0358640631012482,0.05839108043630922,0.012462498629180564
0.23434343434343435,2.6,0.7028803798364825,0.3534186797305585,0.03272285963531918,0.03488671606010308,0.05688143944012566,0.012155241860166373
0.2368686868686869,2.6,0.7014874646765736,0.3509399693818179,0.03218083130364725,0.033927348958272444,0.05539933336338517,0.011856201250284236
0.23939393939393944,2.6,0.7000124185895876,0.3484377431132291,0.03164367739885851,0.03298615697685412,0.05394515416322741,0.011565167670664653
0.24191919191919192,2.6,0.6984553306162355,0.3459136400262744,0.03111178501565699,0.03206358906068635,0.05251974723234039,0.011281908746552013
0.24444444444444446,2.6,0.6968181433569122,0.34336722540829684,0.030584780424928293,0.031158882631867797,0.05112188596364342,0.011006318648510769
0.246969696969697,2.6,0.695101598794344,0.34079973658483176,0.030062890710987774,0.030272184299428104,0.04975183324881685,0.010738207455168932
0.2494949494949495,2.6,0.6933060166991973,0.338212838206323,0.029546505800732946,0.02940390469793928,0.048410299293719254,0.010477363423994933
0.25202020202020203,2.6,0.6914329924503021,0.33560601456785094,0.02903526586597859,0.028553352243487803,0.0470961926202279,0.010223690194886937
0.2545454545454546,2.6,0.6894835184582684,0.332980461618103,0.02852936535394546,0.02772060069264947,0.04580964038019917,0.009977019334644495
0.2570707070707071,2.6,0.6874582664294464,0.3303379163135236,0.028029186293696537,0.026906001955611256,0.04455122228014127,0.009737158635997549
0.2595959595959596,2.6,0.6853585178507846,0.32767781204906365,0.02753438609393793,0.026108939664588948,0.04331998653237154,0.00950402130353331
0.26212121212121214,2.6,0.6831853948200226,0.3250012503572226,0.027045129875224862,0.02532942228958202,0.04211592957887274,0.009277454211282926
0.2646464646464647,2.6,0.6809398447514202,0.3223100343013209,0.0265618049918273,0.02456775345991741,0.04093950970898573,0.009057276327356333
0.26717171717171717,2.6,0.678622913343223,0.3196036113018286,0.026084104242719057,0.02382340438538311,0.03978992412515681,0.008843408260139024
0.2696969696969697,2.6,0.6762357522134078,0.3168829080454499,0.02561213335166955,0.02309630018864044,0.03866703330946721,0.008635713856920718
0.27222222222222225,2.6,0.6737794841152686,0.3141497287567094,0.02514625539183719,0.022386671873857837,0.03757115717413442,0.0084340229463347
0.2747474747474748,2.6,0.6712548965649341,0.3114035525100101,0.024686199460493986,0.021694079766306645,0.036501636016464466,0.008238262409009866
0.2772727272727273,2.6,0.6686632448650235,0.3086451548608658,0.02423202674875342,0.021018378396716858,0.03545822143053879,0.008048310665921108
0.2797979797979798,2.6,0.6660059964057017,0.30587640989130804,0.02378409499589937,0.02035972604285876,0.03444110480427613,0.00786400405993876
0.28232323232323236,2.6,0.6632838216324477,0.3030969158584283,0.023342190474066053,0.019717775655467312,0.033449767218255815,0.0076852761005679945
0.28484848484848485,2.6,0.6604978569907516,0.3003071917294356,0.02290630375400713,0.019092313277033406,0.03248386253297182,0.007512017035679619
0.2873737373737374,2.6,0.6576497422138183,0.2975091012372164,0.02247675640934857,0.018483406466436154,0.03154343668206845,0.007344060606433826
0.28989898989898993,2.6,0.6547400826941828,0.2947024153821972,0.022053392702805555,0.017890786096425255,0.03062808701495054,0.007181338640955457
0.2924242424242424,2.6,0.6517698812702991,0.2918873780586621,0.02163614442061028,0.01731419677675657,0.029737410980009284,0.00702376203656875
0.29494949494949496,2.6,0.6487409903408375,0.28906584469702173,0.02122530454592573,0.01675362285868405,0.02887131944774673,0.006871168824033982
0.2974747474747475,2.6,0.6456540807032412,0.2862378405329798,0.020820786243892615,0.016208861620014337,0.02802949765507298,0.006723488328104845
0.3,2.6,0.6425098921016594,0.28340327617234784,0.020422456598369335,0.015679633440972285,0.027211522856001324,0.006580650024692372
0.05,3.0,0.5515340510863834,0.41611752177843475,0.1063607215745535,0.18234035022654482,0.23274181953595835,0.09752156921123899
0.05252525252525253,3.0,0.557701132645352,0.4177733244296604,0.1035793210795696,0.17788305193656398,0.22926425902925796,0.09401706852107079
0.05505050505050505,3.0,0.5636704746934003,0.41928603332176817,0.10096050934868878,0.17359704268119,0.22584435392769017,0.09068607351706214
0.05757575757575758,3.0,0.5694489759663616,0.4206618066451174,0.09849101220477713,0.1694740955312105,0.22247827479602886,0.08751799298568246
0.060101010101010106,3.0,0.5750531057780945,0.4219128142198095,0.09615768710049472,0.16550000364831338,0.21916166314002689,0.08449863238927519
0.06262626262626263,3.0,0.5804875831083763,0.42304360129722846,0.09394958323806915,0.161668627184892,0.21589183992712266,0.08162012727885547
0.06515151515151515,3.0,0.5857671762160481,0.4240645971828172,0.09185676059412153,0.1579678982256155,0.2126650230158567,0.07887072738739768
0.06767676767676768,3.0,0.5908928278723431,0.424978110486287,0.0898698447504853,0.15439261165270363,0.20947933600385762,0.07624423165433909
0.07020202020202021,3.0,0.5958768821226919,0.42579259490336147,0.0879813286964784,0.15093338821337457,0.2063316172764874,0.07373146449205076
0.07272727272727272,3.0,0.6007215908081646,0.42651079541600073,0.08618314254880384,0.1475844663369298,0.2032202410828502,0.0713263332507389
0.07525252525252527,3.0,0.6054335348725537,0.4271376137422182,0.08446887692479502,0.14433962217288,0.2001431076850514,0.06902250920011589
0.07777777777777778,3.0,0.6100191616722913,0.4276777806171538,0.08283249297507775,0.14119222119006253,0.1970981951434241,0.06681354964515965
0.0803030303030303,3.0,0.6144777625786446,0.42813210022211456,0.08126752241818058,0.13813814236005537,0.19408461517117842,0.06469509338166451
0.08282828282828283,3.0,0.6188196116541443,0.4285070049022645,0.07976999970356805,0.13517109587070666,0.19109995868795562,0.06266116923583655
0.08535353535353536,3.0,0.6230411693085637,0.42880174018673184,0.07833388525893412,0.1322874340942821,0.1881440482238909,0.06070809546876855
0.08787878787878789,3.0,0.627149807034419,0.4290209495717551,0.07695574907845544,0.1294823575780683,0.18521491846606206,0.05883126732390886
0.0904040404040404,3.0,0.6311471836049273,0.4291664663599654,0.07563132110430529,0.1267518706432954,0.1823119099751175,0.05702679130115347
0.09292929292929294,3.0,0.6350322044458654,0.42923866955801854,0.07435618078160142,0.12409279472911679,0.17943488700675767,0.05529149978077932
0.09545454545454546,3.0,0.6388133536041889,0.42924249159770417,0.07312823304650472,0.12150100658555056,0.17658182012367032,0.053621507746302595
0.09797979797979799,3.0,0.6424852868082978,0.4291762042081896,0.07194275484186043,0.11897361433831216,0.17375337271695626,0.05201390837503787
0.10050505050505051,3.0,0.6460539724806355,0.42904331773772253,0.07079768100359356,0.11650738788135394,0.17094799681130932,0.050465640199136436
0.10303030303030303,3.0,0.6495204429350508,0.4288451296037196,0.06969022057430295,0.11409937680907747,0.16816530874066535,0.04897384462200224
0.10555555555555557,3.0,0.652880887480894,0.4285806392797262,0.06861676943880228,0.11174710249473578,0.16540592541081456,0.047536042103703297
0.10808080808080808,3.0,0.6561437293779285,0.4282542851663422,0.06757644605613122,0.10944781312881385,0.1626678213018242,0.04614970350271991
0.11060606060606061,3.0,0.6593039138239088,0.42786463186084506,0.06656588036052657,0.1071992575003283,0.15995210110212038,0.04481247493279597
0.11313131313131314,3.0,0.6623629828072773,0.4274129596626152,0.06558312859686238,0.10499924426968128,0.15725827887393748,0.04352224335971958
0.11565656565656567,3.0,0.6653255000414839,0.4269019109060371,0.06462704799590357,0.10284557662674922,0.15458525267755704,0.04227693354133001
0.1181818181818182,3.0,0.6681851192159287,0.42632960398465575,0.06369453086759591,0.10073634421512674,0.151934634502592,0.04107442641101171
0.12070707070707072,3.0,0.6709486536517442,0.425699341385342,0.06278501778631611,0.09866962400094044,0.14930462783309859,0.03991305993212831
0.12323232323232323,3.0,0.6736143242210924,0.42501118516363506,0.06189664479409325,0.09664372788989847,0.14669582737144857,0.03879098495718378
0.12575757575757576,3.0,0.6761783066045278,0.42426431838925943,0.06102723090103899,0.09465708868623225,0.14410933960339126,0.03770641412868377
0.12828282828282828,3.0,0.6786481700533694,0.42346215299666184,0.060176626762093115,0.09270808383528012,0.14154311457502433,0.036658043966792606
0.13080808080808082,3.0,0.6810186460744686,0.4226035836672366,0.05934280003874582,0.09079539238707633,0.13899885861678576,0.03564415930368466
0.13333333333333336,3.0,0.6832896060996992,0.42168916411355223,0.058524519117534535,0.08891767313220339,0.13647669104165427,0.034663366488870966
0.13585858585858587,3.0,0.6854662558056698,0.4207213303451279,0.05772146934113388,0.08707358591020839,0.13397521838723916,0.03371452605303736
0.1383838383838384,3.0,0.6875423434958501,0.41969878558836515,0.05693176314350008,0.08526209650048268,0.13149664596503324,0.03279600415245136
0.14090909090909093,3.0,0.6895219616310236,0.4186233649908285,0.05615494706406596,0.08348199019817892,0.12903982955212898,0.031906814197733904
0.14343434343434344,3.0,0.6914060572851595,0.41749609899205065,0.05539033121407715,0.08173221964530547,0.1266046539749529,0.031045802944316157
0.14595959595959596,3.0,0.6931890123236023,0.4163160400629091,0.05463641831237748,0.08001194761829768,0.12419312719575257,0.030211486371664768
0.1484848484848485,3.0,0.6948769563700578,0.4150854316572015,0.05389309718429001,0.0783199936657718,0.12180328004027598,0.029403150997672434
0.15101010101010104,3.0,0.6964680433895942,0.4138046255635488,0.053159615092197125,0.07665572065495099,0.11943617861796832,0.02861971669681052
0.15353535353535355,3.0,0.6979586251184539,0.41247342494712413,0.05243502826525913,0.07501858021385056,0.11709347883818738,0.027860046755390933
0.15606060606060607,3.0,0.6993551428315946,0.4110939592369277,0.05171932564268697,0.07340747293147944,0.11477301291687372,0.027123618291786177
0.1585858585858586,3.0,0.7006540576661507,0.40966626422988206,0.05101172064040688,0.0718219799907789,0.11247645731198716,0.026409290105130788
0.16111111111111112,3.0,0.7018535376078452,0.4081906236594597,0.05031154298231283,0.0702615678598966,0.11020478496931928,0.025716081774949644
0.16363636363636364,3.0,0.702959265135364,0.40666882161713963,0.049618763218162124,0.06872525480591207,0.10795604180501854,0.025043569118830766
0.16616161616161618,3.0,0.703966993637582,0.4051009174133115,0.04893278951344865,0.06721291410328928,0.1057323044937681,0.02439071106809305
0.16868686868686872,3.0,0.7048766132619909,0.40348752916780994,0.048253221959627085,0.06572403259194128,0.10353388708010364,0.023756771630658008
0.1712121212121212,3.0,0.7056925182322927,0.4018300662634213,0.04757996516686698,0.0642577729530536,0.10135928270830327,0.023141338825592588
0.17373737373737375,3.0,0.7064104810167258,0.40012881251027993,0.04691260987906853,0.06281422082268717,0.09921070159551011,0.02254344629231309
0.1762626262626263,3.0,0.7070319121415999,0.3983845534249654,0.046250882890324904,0.06139278333808473,0.09708777887517141,0.02196253269717945
0.17878787878787883,3.0,0.707559772794451,0.3965984168554155,0.04559467547639909,0.05999283610921342,0.09498959947625021,0.021398193040908158
0.18131313131313131,3.0,0.7079903303665684,0.3947710206819705,0.044943804837992325,0.05861467568816442,0.0929183904767574,0.02084960734785131
0.18383838383838386,3.0,0.708326276317084,0.3929032056762339,0.04429806411030748,0.05725762302411349,0.09087322861241104,0.020316389485250188
0.1863636363636364,3.0,0.7085691418380524,0.3909958888335629,0.043657354071994725,0.05592126092084397,0.08885375656969366,0.01979810236866658
0.18888888888888888,3.0,0.7087155977909858,0.38904984326624176,0.04302164146157242,0.05460595804047619,0.08686199495417982,0.01929401478156014
0.19141414141414143,3.0,0.7087687996397612,0.3870657219191743,0.04239070517743359,0.05331092810673509,0.08489663322573744,0.018803835652523464
0.19393939393939397,3.0,0.7087296386424311,0.38504450247462724,0.04176451447780439,0.052035975551682816,0.08295775389046323,0.0183271481304489
0.19646464646464645,3.0,0.7085957041262999,0.38298727705782387,0.041143170025857656,0.05078155043967818,0.08104719176482039,0.017863336221261433
0.198989898989899,3.0,0.7083704310263205,0.3808945514981971,0.04052642612606764,0.04954681602237134,0.07916345811158988,0.017412185085765364
0.20151515151515154,3.0,0.7080540857855621,0.3787672745629222,0.0399143097789573,0.048331714995086913,0.07730686704300177,0.016973285923755917
0.20404040404040408,3.0,0.707644668356646,0.37660661084608077,0.03930699429150348,0.04713670178020296,0.07547900467473717,0.016546092218889783
0.20656565656565656,3.0,0.7071454540686347,0.3744128086532732,0.0387041845107089,0.045960891635201964,0.07367829096432284,0.016130418238939046
0.2090909090909091,3.0,0.7065567349031971,0.3721870122097023,0.038106001372201194,0.044804376400642505,0.0719052192546582,0.015725918936247182
0.21161616161616165,3.0,0.7058772814930656,0.3699306467090219,0.03751271529859499,0.04366765978059505,0.07016122131592274,0.01533216289645238
0.21414141414141413,3.0,0.705110222588673,0.36764380619405573,0.03692400393873383,0.04254985842331875,0.06844473619723272,0.01494899804347647
0.21666666666666667,3.0,0.7042556353107325,0.36532758555716666,0.03634002026531356,0.041451106566024125,0.0667562619855601,0.014576092522715618
0.21919191919191922,3.0,0.7033125289823793,0.3629833623477184,0.03576105818482983,0.04037187135008016,0.06509700113122684,0.014213059039508091
0.22171717171717176,3.0,0.7022836891611623,0.3606110320763425,0.035186774163542385,0.03931128706363559,0.06346545042123287,0.013859768958653306
0.22424242424242424,3.0,0.7011694991213819,0.35821185415946916,0.034617357780319206,0.03826952472580285,0.06186210132868891,0.013515924171070124
0.22676767676767678,3.0,0.6999695711671836,0.35578737026406027,0.034053125320224906,0.0372470283023198,0.06028799450476943,0.013181181601753723
0.22929292929292933,3.0,0.6986863838605933,0.3533373189985764,0.03349370993312857,0.0362429557635568,0.058741709133433816,0.012855418970805926
0.2318181818181818,3.0,0.6973203518089539,0.350862963269909,0.03293934073478662,0.03525749797768697,0.05722368043423454,0.012538392502446394
0.23434343434343435,3.0,0.6958713132852512,0.3483658823964655,0.032390376599393624,0.03429109480107408,0.05573481381757895,0.012229826200156835
0.2368686868686869,3.0,0.6943414005713308,0.34584569095462137,0.031846449542206376,0.033342953939864056,0.05427380153160658,0.011929612693900523
0.23939393939393944,3.0,0.6927313002166294,0.34330365921552797,0.0313077675207822,0.03241321915942408,0.05284096298462876,0.01163751737993055
0.24191919191919192,3.0,0.6910412321665292,0.3407414164757864,0.030774676525767868,0.031502275189266085,0.05143704917407797,0.011353278620152117
0.24444444444444446,3.0,0.6892729774287185,0.3381584715361364,0.03024681101224769,0.030609385045075335,0.050060875439554176,0.011076800716901699
0.246969696969697,3.0,0.6874274155554418,0.33555607707957696,0.02972437830097448,0.02973466067871833,0.04871265093088606,0.010807879991068676
0.2494949494949495,3.0,0.68550507693141,0.3329359272320541,0.029207738769476348,0.02887845992232732,0.04739300400782003,0.010546282694276992
0.25202020202020203,3.0,0.6835074406099241,0.3302974592894184,0.028696537591210255,0.02804011495776844,0.04610088084927362,0.010291917967031829
0.2545454545454546,3.0,0.6814355073937507,0.3276418538735855,0.028190954279313233,0.027219668124094827,0.04483636448633715,0.010044611585587322
0.2570707070707071,3.0,0.6792900269281859,0.3249708502913797,0.027691348400671886,0.026417421250631214,0.04359996186758318,0.009804159902863608
0.2595959595959596,3.0,0.677072172837586,0.322283845753546,0.027197385140472184,0.02563278107703735,0.04239075851305617,0.009570482894175779
0.26212121212121214,3.0,0.6747831141650429,0.3195819229616546,0.02670920942258277,0.0248657283014542,0.04120870863920173,0.009343416291450274
0.2646464646464647,3.0,0.6724239024193922,0.3168668759230706,0.026227178277278912,0.024116516729482642,0.04005419450982834,0.009122761609404203
0.26717171717171717,3.0,0.6699954382028624,0.31413810427607125,0.025750989889399438,0.02338463858050011,0.038926444920811716,0.00890844419383599
0.2696969696969697,3.0,0.6674989761073671,0.3113965444354215,0.02528073862873554,0.022669997301441848,0.03782529244194599,0.008700323085442494
0.27222222222222225,3.0,0.6649358564681356,0.30864403261869255,0.024816764267140027,0.02197277629737116,0.036750990595702596,0.00849821602095338
0.2747474747474748,3.0,0.6623068193239643,0.30588002934800945,0.024358805428234896,0.0212925576077578,0.03570291109601465,0.008302057220068758
0.2772727272727273,3.0,0.659613047125484,0.3031052692731453,0.02390690565584547,0.02062917447263559,0.034680777998391275,0.008111715698629039
0.2797979797979798,3.0,0.6568560163616235,0.3003215971130296,0.02346138727207048,0.019982729915238966,0.03368470769489819,0.007927007640470333
0.28232323232323236,3.0,0.6540362931678962,0.29752857828190515,0.02302203561908917,0.019352884970947372,0.032714197234231364,0.007747865031599858
0.28484848484848485,3.0,0.6511550594621303,0.29472672557360835,0.02258884128109999,0.018739425522963604,0.03176889707593203,0.007574182569603238
0.2873737373737374,3.0,0.6482141010626348,0.29191790701374054,0.022162110294907826,0.018142387116176106,0.030848801573733247,0.007405791761008017
0.28989898989898993,3.0,0.6452139590642402,0.2891018660111183,0.02174169194074781,0.017561512256795846,0.029953523044998383,0.007242629113341152
0.2924242424242424,3.0,0.6421556181450933,0.2862788326194095,0.021327509705667,0.01699653944489057,0.02908265512110066,0.0070846008098288775
0.29494949494949496,3.0,0.6390410744403261,0.28345067596357754,0.020919829040019006,0.016447410181543776,0.028236052130138058,0.006931531714823098
0.2974747474747475,3.0,0.6358709867894927,0.2806174054488728,0.020518557830035537,0.01591391919294793,0.027413398891690272,0.006783347488557749
0.3,3.0,0.6326460265399985,0.2777789075699856,0.020123566935431273,0.015395796621215138,0.0266142856992551,0.006639982134744469
